[{"model": "posts.group", "pk": 4, "fields": {"title": "Котики из приюта", "slug": "cats_zoodom", "description": "Возьми, не покупай"}}, {"model": "posts.group", "pk": 5, "fields": {"title": "Фильмы и сериалы", "slug": "films", "description": "Фильмы и сериалы, на которые стоит потратить время"}}, {"model": "posts.group", "pk": 6, "fields": {"title": "Юмор не для всех", "slug": "humor", "description": "Эти шутки поймут не только лишь все"}}, {"model": "posts.post", "pk": 60, "fields": {"text": "Остров проклятых.\r\nПсихологический детектив о зыбкой грани между нормой и сумасшествием.", "pub_date": "2022-08-15T19:14:12.312Z", "author": 3, "group": 5, "image": "posts/i.webp"}}, {"model": "posts.post", "pk": 61, "fields": {"text": "Начало.\r\nКогда разум становится местом преступления, лучший выход – проснуться.", "pub_date": "2022-08-15T19:15:44.539Z", "author": 3, "group": 5, "image": "posts/i_1.webp"}}, {"model": "posts.post", "pk": 62, "fields": {"text": "Доктор Хаус.\r\nМедицинский сериал о гениальном докторе с непростым характером.", "pub_date": "2022-08-15T19:17:17.119Z", "author": 3, "group": 5, "image": "posts/i_2.webp"}}, {"model": "posts.post", "pk": 63, "fields": {"text": "Дурак.\r\nГлубокий фильм о том, насколько опасно быть неравнодушным.", "pub_date": "2022-08-15T19:18:41.379Z", "author": 3, "group": 5, "image": "posts/i_3.webp"}}, {"model": "posts.post", "pk": 64, "fields": {"text": "Платформа.\r\nПлатформа с едой спускается в тюрьме с одного этажа на другой. Заключенные наверху едят от души, оставляя без еды и в отчаянии тех, кто внизу. Восстание неизбежно.", "pub_date": "2022-08-15T19:19:55.579Z", "author": 3, "group": 5, "image": "posts/i_4.webp"}}, {"model": "posts.post", "pk": 65, "fields": {"text": "Обмани меня.\r\nЭксперт по лжи помогает полиции раскалывать преступников. Тим Рот в детективном сериале в духе «Доктора Хауса»", "pub_date": "2022-08-15T19:21:13.333Z", "author": 3, "group": 5, "image": "posts/i_5.webp"}}, {"model": "posts.post", "pk": 66, "fields": {"text": "Черное зеркало.\r\nКультовый сериал с циничным взглядом на технический прогресс", "pub_date": "2022-08-15T19:22:07.171Z", "author": 3, "group": 5, "image": "posts/i_6.webp"}}, {"model": "posts.post", "pk": 67, "fields": {"text": "От школьника до эксперта всего несколько строк", "pub_date": "2022-08-15T19:28:39.668Z", "author": 3, "group": 6, "image": ""}}, {"model": "posts.post", "pk": 68, "fields": {"text": "Ты VS парень, о котором она сказала тебе не беспокоиться", "pub_date": "2022-08-15T19:30:24.826Z", "author": 3, "group": 6, "image": "posts/i_9.webp"}}, {"model": "posts.post", "pk": 69, "fields": {"text": "Наши домашние тоже хотят разобраться", "pub_date": "2022-08-15T19:30:49.448Z", "author": 3, "group": 6, "image": "posts/i_10.webp"}}, {"model": "posts.post", "pk": 70, "fields": {"text": "Покупатели книг по С++ часто берут сопутствующие товары:)", "pub_date": "2022-08-15T19:31:44.987Z", "author": 3, "group": 6, "image": "posts/i_11.webp"}}, {"model": "posts.post", "pk": 73, "fields": {"text": "Be like programmer", "pub_date": "2022-08-15T19:36:07.901Z", "author": 3, "group": 6, "image": "posts/i_13.webp"}}, {"model": "posts.post", "pk": 74, "fields": {"text": "137 ошибок, забыл запятую в INSTALLED_APPS", "pub_date": "2022-08-15T19:40:33.196Z", "author": 3, "group": 6, "image": "posts/scale_1200_1.jpg"}}, {"model": "posts.post", "pk": 75, "fields": {"text": "Fullstack Developer VS Fullstackoverflow Developer!", "pub_date": "2022-08-15T19:44:45.213Z", "author": 3, "group": 6, "image": "posts/i_17.jpg"}}, {"model": "posts.post", "pk": 76, "fields": {"text": "Never give up", "pub_date": "2022-08-16T10:25:10.021Z", "author": 3, "group": 6, "image": "posts/humor_2.jpg"}}, {"model": "posts.post", "pk": 77, "fields": {"text": "первый пост кет 5 отредактрированный", "pub_date": "2022-12-05T14:31:09.416Z", "author": 8, "group": 6, "image": ""}}, {"model": "posts.post", "pk": 78, "fields": {"text": "<p><u>WYSIWYG</u></p>", "pub_date": "2022-12-11T07:42:58.538Z", "author": 9, "group": 6, "image": ""}}, {"model": "posts.comment", "pk": 3, "fields": {"post": 76, "author": 7, "text": "Обожаю котиков", "created": "2022-09-08T06:55:25.932Z"}}, {"model": "posts.comment", "pk": 4, "fields": {"post": 77, "author": 8, "text": "проверка комментов", "created": "2022-12-05T14:43:08.826Z"}}, {"model": "posts.follow", "pk": 6, "fields": {"user": 7, "author": 3}}, {"model": "admin.logentry", "pk": 4, "fields": {"action_time": "2022-07-01T17:19:09.474Z", "user": 3, "content_type": 8, "object_id": "1", "object_repr": "Кот и пёс", "action_flag": 1, "change_message": "[{\"added\": {}}]"}}, {"model": "admin.logentry", "pk": 5, "fields": {"action_time": "2022-07-01T17:21:36.863Z", "user": 3, "content_type": 8, "object_id": "2", "object_repr": "Будни новичка-программиста", "action_flag": 1, "change_message": "[{\"added\": {}}]"}}, {"model": "admin.logentry", "pk": 6, "fields": {"action_time": "2022-07-01T17:21:54.835Z", "user": 3, "content_type": 8, "object_id": "3", "object_repr": "Болталка", "action_flag": 1, "change_message": "[{\"added\": {}}]"}}, {"model": "admin.logentry", "pk": 7, "fields": {"action_time": "2022-07-02T14:35:53.766Z", "user": 3, "content_type": 8, "object_id": "1", "object_repr": "Кот и пёс", "action_flag": 2, "change_message": "[]"}}, {"model": "admin.logentry", "pk": 8, "fields": {"action_time": "2022-07-02T14:36:02.604Z", "user": 3, "content_type": 8, "object_id": "2", "object_repr": "Будни новичка-программиста", "action_flag": 2, "change_message": "[]"}}, {"model": "admin.logentry", "pk": 9, "fields": {"action_time": "2022-07-02T14:36:14.217Z", "user": 3, "content_type": 8, "object_id": "3", "object_repr": "Болталка", "action_flag": 2, "change_message": "[]"}}, {"model": "admin.logentry", "pk": 10, "fields": {"action_time": "2022-07-02T15:26:20.099Z", "user": 3, "content_type": 1, "object_id": "37", "object_repr": "Post object (37)", "action_flag": 2, "change_message": "[{\"changed\": {\"fields\": [\"group\"]}}]"}}, {"model": "admin.logentry", "pk": 11, "fields": {"action_time": "2022-07-02T15:26:20.120Z", "user": 3, "content_type": 1, "object_id": "36", "object_repr": "Post object (36)", "action_flag": 2, "change_message": "[{\"changed\": {\"fields\": [\"group\"]}}]"}}, {"model": "admin.logentry", "pk": 12, "fields": {"action_time": "2022-07-02T15:26:20.135Z", "user": 3, "content_type": 1, "object_id": "35", "object_repr": "Post object (35)", "action_flag": 2, "change_message": "[{\"changed\": {\"fields\": [\"group\"]}}]"}}, {"model": "admin.logentry", "pk": 13, "fields": {"action_time": "2022-07-02T15:26:20.151Z", "user": 3, "content_type": 1, "object_id": "34", "object_repr": "Post object (34)", "action_flag": 2, "change_message": "[{\"changed\": {\"fields\": [\"group\"]}}]"}}, {"model": "admin.logentry", "pk": 14, "fields": {"action_time": "2022-07-02T15:26:20.167Z", "user": 3, "content_type": 1, "object_id": "33", "object_repr": "Post object (33)", "action_flag": 2, "change_message": "[{\"changed\": {\"fields\": [\"group\"]}}]"}}, {"model": "admin.logentry", "pk": 15, "fields": {"action_time": "2022-07-02T15:26:20.191Z", "user": 3, "content_type": 1, "object_id": "32", "object_repr": "Post object (32)", "action_flag": 2, "change_message": "[{\"changed\": {\"fields\": [\"group\"]}}]"}}, {"model": "admin.logentry", "pk": 16, "fields": {"action_time": "2022-07-02T15:26:20.215Z", "user": 3, "content_type": 1, "object_id": "30", "object_repr": "Post object (30)", "action_flag": 2, "change_message": "[{\"changed\": {\"fields\": [\"group\"]}}]"}}, {"model": "admin.logentry", "pk": 17, "fields": {"action_time": "2022-07-02T15:26:20.231Z", "user": 3, "content_type": 1, "object_id": "29", "object_repr": "Post object (29)", "action_flag": 2, "change_message": "[{\"changed\": {\"fields\": [\"group\"]}}]"}}, {"model": "admin.logentry", "pk": 18, "fields": {"action_time": "2022-07-02T15:26:20.253Z", "user": 3, "content_type": 1, "object_id": "28", "object_repr": "Post object (28)", "action_flag": 2, "change_message": "[{\"changed\": {\"fields\": [\"group\"]}}]"}}, {"model": "admin.logentry", "pk": 19, "fields": {"action_time": "2022-07-10T18:48:07.877Z", "user": 3, "content_type": 1, "object_id": "26", "object_repr": "Post object (26)", "action_flag": 2, "change_message": "[{\"changed\": {\"fields\": [\"group\"]}}]"}}, {"model": "admin.logentry", "pk": 20, "fields": {"action_time": "2022-07-10T18:48:07.893Z", "user": 3, "content_type": 1, "object_id": "25", "object_repr": "Post object (25)", "action_flag": 2, "change_message": "[{\"changed\": {\"fields\": [\"group\"]}}]"}}, {"model": "admin.logentry", "pk": 21, "fields": {"action_time": "2022-07-10T18:48:07.917Z", "user": 3, "content_type": 1, "object_id": "24", "object_repr": "Post object (24)", "action_flag": 2, "change_message": "[{\"changed\": {\"fields\": [\"group\"]}}]"}}, {"model": "admin.logentry", "pk": 22, "fields": {"action_time": "2022-07-13T14:30:18.988Z", "user": 3, "content_type": 1, "object_id": "31", "object_repr": "Рано выступили изъ Курешти и всю дорогу я ужасно мучался, какъ физически — лицо у меня страшно горѣло и выметало, — такъ и морально. Такъ называемые аристократы возбуждаютъ во мнѣ зависть. Я неисправи", "action_flag": 2, "change_message": "[{\"changed\": {\"fields\": [\"group\"]}}]"}}, {"model": "admin.logentry", "pk": 23, "fields": {"action_time": "2022-07-13T14:30:19.002Z", "user": 3, "content_type": 1, "object_id": "27", "object_repr": "[Синешти.] Рано утромъ меня разбудили и повезли въ Синешти. Вообще недоволенъ я сегодничнымъ днемъ. — Почему-то — не отъ лѣни, а за занятіями ѣдой и палаткой, не было какъ-тο время. — Я ровно ничего н", "action_flag": 2, "change_message": "[{\"changed\": {\"fields\": [\"group\"]}}]"}}, {"model": "admin.logentry", "pk": 24, "fields": {"action_time": "2022-07-13T14:30:19.015Z", "user": 3, "content_type": 1, "object_id": "23", "object_repr": "Рано нынче разбудилъ меня Докторъ, и благодаря этому случаю, я написалъ въ утро довольно много — все передѣлывалъ старое — описаніе солдатъ. — Вечеромъ тоже пописалъ немного и читалъ Verschwörung von ", "action_flag": 2, "change_message": "[{\"changed\": {\"fields\": [\"group\"]}}]"}}, {"model": "admin.logentry", "pk": 25, "fields": {"action_time": "2022-07-13T14:30:19.028Z", "user": 3, "content_type": 1, "object_id": "22", "object_repr": "Утромъ, кромѣ обыкновенная чтенія Гёте и подвертывавшихся книжонокъ, написалъ Жданова, но насчетъ личности Велинчука все еще не рѣшился. — Нынче опять рѣзали мнѣ пахъ и опять я принималъ клороформъ. В", "action_flag": 2, "change_message": "[{\"changed\": {\"fields\": [\"group\"]}}]"}}, {"model": "admin.logentry", "pk": 26, "fields": {"action_time": "2022-07-13T14:30:19.039Z", "user": 3, "content_type": 1, "object_id": "21", "object_repr": "Моя молитва. «Вѣрую во единаго всемогущаго и добраго Бога, въ безсмертіе души и въ вѣчное возмездіе по дѣламъ нашимъ; желаю вѣровать въ религію отцовъ моихъ и уважаю ее». ——\n\n«Отче нашъ» и т. д. «За у", "action_flag": 2, "change_message": "[{\"changed\": {\"fields\": [\"group\"]}}]"}}, {"model": "admin.logentry", "pk": 27, "fields": {"action_time": "2022-07-14T15:30:21.892Z", "user": 3, "content_type": 1, "object_id": "41", "object_repr": "Я просто котик и у меня лапки", "action_flag": 1, "change_message": "[{\"added\": {}}]"}}, {"model": "admin.logentry", "pk": 28, "fields": {"action_time": "2022-07-16T06:30:20.344Z", "user": 3, "content_type": 1, "object_id": "51", "object_repr": "fhfjhf", "action_flag": 3, "change_message": ""}}, {"model": "admin.logentry", "pk": 29, "fields": {"action_time": "2022-07-16T06:30:20.360Z", "user": 3, "content_type": 1, "object_id": "50", "object_repr": "Пробный пост", "action_flag": 3, "change_message": ""}}, {"model": "admin.logentry", "pk": 30, "fields": {"action_time": "2022-07-16T06:30:20.368Z", "user": 3, "content_type": 1, "object_id": "49", "object_repr": "Пробный пост", "action_flag": 3, "change_message": ""}}, {"model": "admin.logentry", "pk": 31, "fields": {"action_time": "2022-07-16T06:30:20.377Z", "user": 3, "content_type": 1, "object_id": "48", "object_repr": "Пробный пост", "action_flag": 3, "change_message": ""}}, {"model": "admin.logentry", "pk": 32, "fields": {"action_time": "2022-07-16T06:30:20.384Z", "user": 3, "content_type": 1, "object_id": "47", "object_repr": "Пробный пост", "action_flag": 3, "change_message": ""}}, {"model": "admin.logentry", "pk": 33, "fields": {"action_time": "2022-07-16T06:30:20.392Z", "user": 3, "content_type": 1, "object_id": "46", "object_repr": "Пробный пост", "action_flag": 3, "change_message": ""}}, {"model": "admin.logentry", "pk": 34, "fields": {"action_time": "2022-07-16T06:30:20.400Z", "user": 3, "content_type": 1, "object_id": "45", "object_repr": "авпапапвпв", "action_flag": 3, "change_message": ""}}, {"model": "admin.logentry", "pk": 35, "fields": {"action_time": "2022-07-16T06:30:20.400Z", "user": 3, "content_type": 1, "object_id": "44", "object_repr": "впккуен", "action_flag": 3, "change_message": ""}}, {"model": "admin.logentry", "pk": 36, "fields": {"action_time": "2022-07-16T06:30:20.408Z", "user": 3, "content_type": 1, "object_id": "43", "object_repr": "Первый пост всегда очень важен", "action_flag": 3, "change_message": ""}}, {"model": "admin.logentry", "pk": 37, "fields": {"action_time": "2022-07-16T06:30:20.416Z", "user": 3, "content_type": 1, "object_id": "42", "object_repr": "dfdgf", "action_flag": 3, "change_message": ""}}, {"model": "admin.logentry", "pk": 38, "fields": {"action_time": "2022-08-08T19:47:32.972Z", "user": 3, "content_type": 11, "object_id": "1", "object_repr": "Follow object (1)", "action_flag": 1, "change_message": "[{\"added\": {}}]"}}, {"model": "admin.logentry", "pk": 39, "fields": {"action_time": "2022-08-15T07:03:02.522Z", "user": 3, "content_type": 11, "object_id": "1", "object_repr": "Barsik подписался на leo", "action_flag": 3, "change_message": ""}}, {"model": "admin.logentry", "pk": 40, "fields": {"action_time": "2022-08-15T16:57:00.901Z", "user": 3, "content_type": 5, "object_id": "4", "object_repr": "Barsik", "action_flag": 3, "change_message": ""}}, {"model": "admin.logentry", "pk": 41, "fields": {"action_time": "2022-08-15T16:57:00.936Z", "user": 3, "content_type": 5, "object_id": "5", "object_repr": "Timosha", "action_flag": 3, "change_message": ""}}, {"model": "admin.logentry", "pk": 42, "fields": {"action_time": "2022-08-15T16:57:00.964Z", "user": 3, "content_type": 5, "object_id": "1", "object_repr": "admin", "action_flag": 3, "change_message": ""}}, {"model": "admin.logentry", "pk": 43, "fields": {"action_time": "2022-08-15T16:57:00.979Z", "user": 3, "content_type": 5, "object_id": "2", "object_repr": "leo", "action_flag": 3, "change_message": ""}}, {"model": "admin.logentry", "pk": 44, "fields": {"action_time": "2022-08-15T17:59:23.639Z", "user": 3, "content_type": 8, "object_id": "4", "object_repr": "Котики из приюта", "action_flag": 1, "change_message": "[{\"added\": {}}]"}}, {"model": "admin.logentry", "pk": 45, "fields": {"action_time": "2022-08-15T18:00:08.821Z", "user": 3, "content_type": 8, "object_id": "5", "object_repr": "Фильмы и сериалы", "action_flag": 1, "change_message": "[{\"added\": {}}]"}}, {"model": "admin.logentry", "pk": 46, "fields": {"action_time": "2022-08-15T18:00:56.841Z", "user": 3, "content_type": 8, "object_id": "6", "object_repr": "Юмор не для всех", "action_flag": 1, "change_message": "[{\"added\": {}}]"}}, {"model": "admin.logentry", "pk": 47, "fields": {"action_time": "2022-08-15T18:01:19.422Z", "user": 3, "content_type": 8, "object_id": "3", "object_repr": "Болталка", "action_flag": 3, "change_message": ""}}, {"model": "admin.logentry", "pk": 48, "fields": {"action_time": "2022-08-15T18:01:19.454Z", "user": 3, "content_type": 8, "object_id": "2", "object_repr": "Будни новичка-программиста", "action_flag": 3, "change_message": ""}}, {"model": "admin.logentry", "pk": 49, "fields": {"action_time": "2022-08-15T18:01:19.469Z", "user": 3, "content_type": 8, "object_id": "1", "object_repr": "Кот и пёс", "action_flag": 3, "change_message": ""}}, {"model": "admin.logentry", "pk": 50, "fields": {"action_time": "2022-08-15T19:14:12.336Z", "user": 3, "content_type": 1, "object_id": "60", "object_repr": "Остров прокляты", "action_flag": 1, "change_message": "[{\"added\": {}}]"}}, {"model": "admin.logentry", "pk": 51, "fields": {"action_time": "2022-08-15T19:15:44.562Z", "user": 3, "content_type": 1, "object_id": "61", "object_repr": "Начало.\r\nКогда ", "action_flag": 1, "change_message": "[{\"added\": {}}]"}}, {"model": "admin.logentry", "pk": 52, "fields": {"action_time": "2022-08-15T19:17:17.143Z", "user": 3, "content_type": 1, "object_id": "62", "object_repr": "Доктор Хаус.\r\nМ", "action_flag": 1, "change_message": "[{\"added\": {}}]"}}, {"model": "admin.logentry", "pk": 53, "fields": {"action_time": "2022-08-15T19:18:41.412Z", "user": 3, "content_type": 1, "object_id": "63", "object_repr": "Дурак.\r\nГлубоки", "action_flag": 1, "change_message": "[{\"added\": {}}]"}}, {"model": "admin.logentry", "pk": 54, "fields": {"action_time": "2022-08-15T19:19:55.604Z", "user": 3, "content_type": 1, "object_id": "64", "object_repr": "Платформа.\r\nПла", "action_flag": 1, "change_message": "[{\"added\": {}}]"}}, {"model": "admin.logentry", "pk": 55, "fields": {"action_time": "2022-08-15T19:21:13.341Z", "user": 3, "content_type": 1, "object_id": "65", "object_repr": "Обмани меня.\r\nЭ", "action_flag": 1, "change_message": "[{\"added\": {}}]"}}, {"model": "admin.logentry", "pk": 56, "fields": {"action_time": "2022-08-15T19:22:07.187Z", "user": 3, "content_type": 1, "object_id": "66", "object_repr": "Черное зеркало.", "action_flag": 1, "change_message": "[{\"added\": {}}]"}}, {"model": "admin.logentry", "pk": 57, "fields": {"action_time": "2022-08-15T19:28:39.699Z", "user": 3, "content_type": 1, "object_id": "67", "object_repr": "От школьника до", "action_flag": 1, "change_message": "[{\"added\": {}}]"}}, {"model": "admin.logentry", "pk": 58, "fields": {"action_time": "2022-08-15T19:30:24.836Z", "user": 3, "content_type": 1, "object_id": "68", "object_repr": "Ты VS парень, о", "action_flag": 1, "change_message": "[{\"added\": {}}]"}}, {"model": "admin.logentry", "pk": 59, "fields": {"action_time": "2022-08-15T19:30:49.458Z", "user": 3, "content_type": 1, "object_id": "69", "object_repr": "Наши домашние т", "action_flag": 1, "change_message": "[{\"added\": {}}]"}}, {"model": "admin.logentry", "pk": 60, "fields": {"action_time": "2022-08-15T19:31:44.989Z", "user": 3, "content_type": 1, "object_id": "70", "object_repr": "Покупатели книг", "action_flag": 1, "change_message": "[{\"added\": {}}]"}}, {"model": "admin.logentry", "pk": 61, "fields": {"action_time": "2022-08-15T19:32:06.524Z", "user": 3, "content_type": 1, "object_id": "71", "object_repr": "Никакого плагиа", "action_flag": 1, "change_message": "[{\"added\": {}}]"}}, {"model": "admin.logentry", "pk": 62, "fields": {"action_time": "2022-08-15T19:41:45.716Z", "user": 3, "content_type": 1, "object_id": "72", "object_repr": "От школьника до", "action_flag": 3, "change_message": ""}}, {"model": "admin.logentry", "pk": 63, "fields": {"action_time": "2022-08-15T19:41:45.729Z", "user": 3, "content_type": 1, "object_id": "71", "object_repr": "Никакого плагиа", "action_flag": 3, "change_message": ""}}, {"model": "admin.logentry", "pk": 64, "fields": {"action_time": "2022-08-15T19:44:45.222Z", "user": 3, "content_type": 1, "object_id": "75", "object_repr": "Никакого плагиа", "action_flag": 1, "change_message": "[{\"added\": {}}]"}}, {"model": "admin.logentry", "pk": 65, "fields": {"action_time": "2022-12-11T07:42:58.538Z", "user": 9, "content_type": 1, "object_id": "78", "object_repr": "<p><u>WYSIWYG</…", "action_flag": 1, "change_message": "[{\"added\": {}}]"}}, {"model": "auth.permission", "pk": 1, "fields": {"name": "Can add post", "content_type": 1, "codename": "add_post"}}, {"model": "auth.permission", "pk": 2, "fields": {"name": "Can change post", "content_type": 1, "codename": "change_post"}}, {"model": "auth.permission", "pk": 3, "fields": {"name": "Can delete post", "content_type": 1, "codename": "delete_post"}}, {"model": "auth.permission", "pk": 4, "fields": {"name": "Can view post", "content_type": 1, "codename": "view_post"}}, {"model": "auth.permission", "pk": 5, "fields": {"name": "Can add log entry", "content_type": 2, "codename": "add_logentry"}}, {"model": "auth.permission", "pk": 6, "fields": {"name": "Can change log entry", "content_type": 2, "codename": "change_logentry"}}, {"model": "auth.permission", "pk": 7, "fields": {"name": "Can delete log entry", "content_type": 2, "codename": "delete_logentry"}}, {"model": "auth.permission", "pk": 8, "fields": {"name": "Can view log entry", "content_type": 2, "codename": "view_logentry"}}, {"model": "auth.permission", "pk": 9, "fields": {"name": "Can add permission", "content_type": 3, "codename": "add_permission"}}, {"model": "auth.permission", "pk": 10, "fields": {"name": "Can change permission", "content_type": 3, "codename": "change_permission"}}, {"model": "auth.permission", "pk": 11, "fields": {"name": "Can delete permission", "content_type": 3, "codename": "delete_permission"}}, {"model": "auth.permission", "pk": 12, "fields": {"name": "Can view permission", "content_type": 3, "codename": "view_permission"}}, {"model": "auth.permission", "pk": 13, "fields": {"name": "Can add group", "content_type": 4, "codename": "add_group"}}, {"model": "auth.permission", "pk": 14, "fields": {"name": "Can change group", "content_type": 4, "codename": "change_group"}}, {"model": "auth.permission", "pk": 15, "fields": {"name": "Can delete group", "content_type": 4, "codename": "delete_group"}}, {"model": "auth.permission", "pk": 16, "fields": {"name": "Can view group", "content_type": 4, "codename": "view_group"}}, {"model": "auth.permission", "pk": 17, "fields": {"name": "Can add user", "content_type": 5, "codename": "add_user"}}, {"model": "auth.permission", "pk": 18, "fields": {"name": "Can change user", "content_type": 5, "codename": "change_user"}}, {"model": "auth.permission", "pk": 19, "fields": {"name": "Can delete user", "content_type": 5, "codename": "delete_user"}}, {"model": "auth.permission", "pk": 20, "fields": {"name": "Can view user", "content_type": 5, "codename": "view_user"}}, {"model": "auth.permission", "pk": 21, "fields": {"name": "Can add content type", "content_type": 6, "codename": "add_contenttype"}}, {"model": "auth.permission", "pk": 22, "fields": {"name": "Can change content type", "content_type": 6, "codename": "change_contenttype"}}, {"model": "auth.permission", "pk": 23, "fields": {"name": "Can delete content type", "content_type": 6, "codename": "delete_contenttype"}}, {"model": "auth.permission", "pk": 24, "fields": {"name": "Can view content type", "content_type": 6, "codename": "view_contenttype"}}, {"model": "auth.permission", "pk": 25, "fields": {"name": "Can add session", "content_type": 7, "codename": "add_session"}}, {"model": "auth.permission", "pk": 26, "fields": {"name": "Can change session", "content_type": 7, "codename": "change_session"}}, {"model": "auth.permission", "pk": 27, "fields": {"name": "Can delete session", "content_type": 7, "codename": "delete_session"}}, {"model": "auth.permission", "pk": 28, "fields": {"name": "Can view session", "content_type": 7, "codename": "view_session"}}, {"model": "auth.permission", "pk": 29, "fields": {"name": "Can add group", "content_type": 8, "codename": "add_group"}}, {"model": "auth.permission", "pk": 30, "fields": {"name": "Can change group", "content_type": 8, "codename": "change_group"}}, {"model": "auth.permission", "pk": 31, "fields": {"name": "Can delete group", "content_type": 8, "codename": "delete_group"}}, {"model": "auth.permission", "pk": 32, "fields": {"name": "Can view group", "content_type": 8, "codename": "view_group"}}, {"model": "auth.permission", "pk": 33, "fields": {"name": "Can add kv store", "content_type": 9, "codename": "add_kvstore"}}, {"model": "auth.permission", "pk": 34, "fields": {"name": "Can change kv store", "content_type": 9, "codename": "change_kvstore"}}, {"model": "auth.permission", "pk": 35, "fields": {"name": "Can delete kv store", "content_type": 9, "codename": "delete_kvstore"}}, {"model": "auth.permission", "pk": 36, "fields": {"name": "Can view kv store", "content_type": 9, "codename": "view_kvstore"}}, {"model": "auth.permission", "pk": 37, "fields": {"name": "Can add comment", "content_type": 10, "codename": "add_comment"}}, {"model": "auth.permission", "pk": 38, "fields": {"name": "Can change comment", "content_type": 10, "codename": "change_comment"}}, {"model": "auth.permission", "pk": 39, "fields": {"name": "Can delete comment", "content_type": 10, "codename": "delete_comment"}}, {"model": "auth.permission", "pk": 40, "fields": {"name": "Can view comment", "content_type": 10, "codename": "view_comment"}}, {"model": "auth.permission", "pk": 41, "fields": {"name": "Can add follow", "content_type": 11, "codename": "add_follow"}}, {"model": "auth.permission", "pk": 42, "fields": {"name": "Can change follow", "content_type": 11, "codename": "change_follow"}}, {"model": "auth.permission", "pk": 43, "fields": {"name": "Can delete follow", "content_type": 11, "codename": "delete_follow"}}, {"model": "auth.permission", "pk": 44, "fields": {"name": "Can view follow", "content_type": 11, "codename": "view_follow"}}, {"model": "auth.user", "pk": 3, "fields": {"password": "pbkdf2_sha256$390000$405lM9RfasTnqvdMwCs4Hs$Gzdq5AylPTiTqapVsIWMWz63l7zdC5javFv/bjtiIps=", "last_login": "2022-09-11T20:09:03.446Z", "is_superuser": true, "username": "admin1", "first_name": "", "last_name": "", "email": "zaikunets@yandex.ru", "is_staff": true, "is_active": true, "date_joined": "2022-07-01T16:01:25.715Z", "groups": [], "user_permissions": []}}, {"model": "auth.user", "pk": 6, "fields": {"password": "pbkdf2_sha256$150000$PSqCDcXzVzxJ$aPNxuVHzQl/fdc2+LkVB0sUYdgpaA7iO3Kq4CUKdDAk=", "last_login": null, "is_superuser": false, "username": "test_user", "first_name": "Очень пробный", "last_name": "Юзер", "email": "kotiki@sobachki.ru", "is_staff": false, "is_active": true, "date_joined": "2022-08-19T07:52:02.962Z", "groups": [], "user_permissions": []}}, {"model": "auth.user", "pk": 7, "fields": {"password": "pbkdf2_sha256$390000$Y8QvRFiqPt4YxBEcdhdZhv$qzXetzDf2gbPukdcdwyotC23Kleo5SyBwutaDyK/eLg=", "last_login": "2022-09-12T05:49:14.920Z", "is_superuser": false, "username": "Timosha2", "first_name": "Тимошка", "last_name": "Серенький", "email": "timosha2@timosha.ru", "is_staff": false, "is_active": true, "date_joined": "2022-09-08T06:52:50.585Z", "groups": [], "user_permissions": []}}, {"model": "auth.user", "pk": 8, "fields": {"password": "pbkdf2_sha256$390000$uLH53ND1vBZgs1Tkd2fmP6$dJNuctyE/KeO1K4vVa6dDcHBkQKAb9zIxqoj7h+F04g=", "last_login": "2022-12-05T14:30:50.281Z", "is_superuser": false, "username": "cat_5", "first_name": "cat_5", "last_name": "cat_cat", "email": "cat@mail.ru", "is_staff": false, "is_active": true, "date_joined": "2022-12-05T14:30:28.180Z", "groups": [], "user_permissions": []}}, {"model": "auth.user", "pk": 9, "fields": {"password": "pbkdf2_sha256$390000$yJHlRCAJPdrIdm4iAnR20z$2x/H6eZ+qZRNx7RzzAVoLb2Ww1QwRt8iA4/1PVSx1no=", "last_login": "2022-12-11T07:37:57.555Z", "is_superuser": true, "username": "Julia_admin", "first_name": "", "last_name": "", "email": "julia_orlova_it@mail.ru", "is_staff": true, "is_active": true, "date_joined": "2022-12-11T07:37:30.469Z", "groups": [], "user_permissions": []}}, {"model": "contenttypes.contenttype", "pk": 1, "fields": {"app_label": "posts", "model": "post"}}, {"model": "contenttypes.contenttype", "pk": 2, "fields": {"app_label": "admin", "model": "logentry"}}, {"model": "contenttypes.contenttype", "pk": 3, "fields": {"app_label": "auth", "model": "permission"}}, {"model": "contenttypes.contenttype", "pk": 4, "fields": {"app_label": "auth", "model": "group"}}, {"model": "contenttypes.contenttype", "pk": 5, "fields": {"app_label": "auth", "model": "user"}}, {"model": "contenttypes.contenttype", "pk": 6, "fields": {"app_label": "contenttypes", "model": "contenttype"}}, {"model": "contenttypes.contenttype", "pk": 7, "fields": {"app_label": "sessions", "model": "session"}}, {"model": "contenttypes.contenttype", "pk": 8, "fields": {"app_label": "posts", "model": "group"}}, {"model": "contenttypes.contenttype", "pk": 9, "fields": {"app_label": "thumbnail", "model": "kvstore"}}, {"model": "contenttypes.contenttype", "pk": 10, "fields": {"app_label": "posts", "model": "comment"}}, {"model": "contenttypes.contenttype", "pk": 11, "fields": {"app_label": "posts", "model": "follow"}}, {"model": "sessions.session", "pk": "ato0m5lc3spy8mmch26je2xb7euy0zv8", "fields": {"session_data": "NjJhNWI0NTVlYzY3MjM2ZDE5Yjg4YzY1MWUzYWFjZDVjNjA5NzY0Zjp7Il9hdXRoX3VzZXJfaWQiOiIxIiwiX2F1dGhfdXNlcl9iYWNrZW5kIjoiZGphbmdvLmNvbnRyaWIuYXV0aC5iYWNrZW5kcy5Nb2RlbEJhY2tlbmQiLCJfYXV0aF91c2VyX2hhc2giOiI1ZjEyMzk4OWFhN2VlODQ5MDNiMmUyYmUxNGE5MjU2MjJiNGJhYzI4In0=", "expire_date": "2019-10-15T14:42:37.187Z"}}, {"model": "sessions.session", "pk": "e7n5cxo28lzc36oxs5o2xquv22nni3fb", "fields": {"session_data": ".eJxVjDsOwjAQRO_iGlmsHf8o6TmDtet1cADZUpxUiLuTSClAmmrem3mLiOtS4trzHCcWFxHE6bcjTM9cd8APrPcmU6vLPJHcFXnQLm-N8-t6uH8HBXvZ1joz8oBGe-0MWpM8eEXDFgOEnjLb5M7GAZAFtloZsEgqBIQxjRrE5wvgiDeU:1p4GuL:Xl3G_1Pi962Y0LHPeuix4uzqc3MMHG4ikdAu0kwuwm8", "expire_date": "2022-12-25T07:37:57.561Z"}}, {"model": "sessions.session", "pk": "nk4kdeg6hncekfgkf61a8ybe5gj1t1sk", "fields": {"session_data": "ZTRiNDcyZDAzOGExZmM3M2VkYzcwZDgwNWM2OTczZWJhYzE1ODNlNDp7Il9hdXRoX3VzZXJfaWQiOiIzIiwiX2F1dGhfdXNlcl9iYWNrZW5kIjoiZGphbmdvLmNvbnRyaWIuYXV0aC5iYWNrZW5kcy5Nb2RlbEJhY2tlbmQiLCJfYXV0aF91c2VyX2hhc2giOiJjZDcyNDgzN2Y0NzVhYmQ4MzZjNmRlZDJjODQ4OGExOWY0NzU1NDJhIn0=", "expire_date": "2022-09-04T21:03:27.166Z"}}, {"model": "sessions.session", "pk": "ohac3spb4wevvrwpyrz389p7n5azrjlz", "fields": {"session_data": "N2Y2ZTA0NTE1NjY2NTIwNjU3MDVkZTMyM2Y0ZjgzZDNjN2U5MTk0Zjp7Il9hdXRoX3VzZXJfaWQiOiI0IiwiX2F1dGhfdXNlcl9iYWNrZW5kIjoiZGphbmdvLmNvbnRyaWIuYXV0aC5iYWNrZW5kcy5Nb2RlbEJhY2tlbmQiLCJfYXV0aF91c2VyX2hhc2giOiJlZDI0M2ZhYTg0OGU4NDkwMjk5ZGRjMjMyOThlZDk5MWE1Yzc2NjhmIn0=", "expire_date": "2022-07-31T15:01:18.685Z"}}, {"model": "sessions.session", "pk": "s764f2j4dbaowqnx81q2hw1zt92nr7gx", "fields": {"session_data": "ZWE1MzcxN2FkZDlkYmMyYzZkZmQzNWUzZjY0ZDU4MTk0NjNlOWEyYjp7fQ==", "expire_date": "2022-07-28T16:24:51.384Z"}}, {"model": "sessions.session", "pk": "yayw2385jyaseg47xxlr0xvoo16ani68", "fields": {"session_data": "ZWE1MzcxN2FkZDlkYmMyYzZkZmQzNWUzZjY0ZDU4MTk0NjNlOWEyYjp7fQ==", "expire_date": "2022-07-28T16:21:20.096Z"}}, {"model": "thumbnail.kvstore", "pk": "sorl-thumbnail||image||018ba870bfa247b90e2f3bf043e799d3", "fields": {"value": "{\"name\": \"cache/3d/30/3d30efba100e96d37d1c285a72a058f9.jpg\", \"storage\": \"django.core.files.storage.FileSystemStorage\", \"size\": [960, 339]}"}}, {"model": "thumbnail.kvstore", "pk": "sorl-thumbnail||image||071c5d132b5d6b2e18de01002a5f2971", "fields": {"value": "{\"name\": \"posts/i_9.webp\", \"storage\": \"django.core.files.storage.FileSystemStorage\", \"size\": [480, 201]}"}}, {"model": "thumbnail.kvstore", "pk": "sorl-thumbnail||image||08aa103cdd9c7eba2b3312b3fd5606d3", "fields": {"value": "{\"name\": \"cache/1d/24/1d24ce8512ac68a2507cb38ce31da92c.jpg\", \"storage\": \"django.core.files.storage.FileSystemStorage\", \"size\": [960, 339]}"}}, {"model": "thumbnail.kvstore", "pk": "sorl-thumbnail||image||100b3eaf2fcc9d67deba0793e998dc5e", "fields": {"value": "{\"name\": \"cache/0f/a4/0fa4f023a8d11959e5a8ef104c416b1c.jpg\", \"storage\": \"django.core.files.storage.FileSystemStorage\", \"size\": [960, 339]}"}}, {"model": "thumbnail.kvstore", "pk": "sorl-thumbnail||image||100f75ed46f83031d44db33f3172fbc0", "fields": {"value": "{\"name\": \"posts/6d493612ca02789fe7e29062684afff0_kEK5Xut.jpg\", \"storage\": \"django.core.files.storage.FileSystemStorage\", \"size\": [640, 649]}"}}, {"model": "thumbnail.kvstore", "pk": "sorl-thumbnail||image||114f9a00277263d0479132772f8adfef", "fields": {"value": "{\"name\": \"posts/scale_1200.webp\", \"storage\": \"django.core.files.storage.FileSystemStorage\", \"size\": [1024, 1024]}"}}, {"model": "thumbnail.kvstore", "pk": "sorl-thumbnail||image||132149785997f29d976b671992f67db5", "fields": {"value": "{\"name\": \"posts/i_17.jpg\", \"storage\": \"django.core.files.storage.FileSystemStorage\", \"size\": [480, 240]}"}}, {"model": "thumbnail.kvstore", "pk": "sorl-thumbnail||image||1513320b17b84f9aab86a143496223f1", "fields": {"value": "{\"name\": \"posts/i_1.webp\", \"storage\": \"django.core.files.storage.FileSystemStorage\", \"size\": [427, 320]}"}}, {"model": "thumbnail.kvstore", "pk": "sorl-thumbnail||image||1a5dae5a1264da8f01b79383020f41d0", "fields": {"value": "{\"name\": \"cache/ac/da/acdaa57ff162bb17bbc8a2b4e2d43800.jpg\", \"storage\": \"django.core.files.storage.FileSystemStorage\", \"size\": [960, 339]}"}}, {"model": "thumbnail.kvstore", "pk": "sorl-thumbnail||image||1b31102ad51e418668624f53f3c58bad", "fields": {"value": "{\"name\": \"cache/60/5f/605f06059672f4bfebb005e9f4ca0ad8.jpg\", \"storage\": \"django.core.files.storage.FileSystemStorage\", \"size\": [960, 339]}"}}, {"model": "thumbnail.kvstore", "pk": "sorl-thumbnail||image||20539e2c03fc0f7dbef315102f5edd29", "fields": {"value": "{\"name\": \"cache/b2/26/b226dde30fb9c3f640713e98f208f044.jpg\", \"storage\": \"django.core.files.storage.FileSystemStorage\", \"size\": [960, 339]}"}}, {"model": "thumbnail.kvstore", "pk": "sorl-thumbnail||image||297999e4cb7a4a79ba4793c07bf5a85a", "fields": {"value": "{\"name\": \"cache/dd/e8/dde867455c9f53d1c47a4cedd277afc5.jpg\", \"storage\": \"django.core.files.storage.FileSystemStorage\", \"size\": [960, 339]}"}}, {"model": "thumbnail.kvstore", "pk": "sorl-thumbnail||image||2f3617ea4088a459fbd3141553edc031", "fields": {"value": "{\"name\": \"cache/2e/b5/2eb57603890d8b8cbfd434344a3d559e.jpg\", \"storage\": \"django.core.files.storage.FileSystemStorage\", \"size\": [960, 339]}"}}, {"model": "thumbnail.kvstore", "pk": "sorl-thumbnail||image||3684edc6201a1ec9e58e393f4ef09962", "fields": {"value": "{\"name\": \"cache/37/01/3701e011d21f240e43dceed65c46d81e.jpg\", \"storage\": \"django.core.files.storage.FileSystemStorage\", \"size\": [960, 339]}"}}, {"model": "thumbnail.kvstore", "pk": "sorl-thumbnail||image||3b329f67799ce21e1468f495e8e22a32", "fields": {"value": "{\"name\": \"posts/InShot_20220815_225545385.jpg\", \"storage\": \"django.core.files.storage.FileSystemStorage\", \"size\": [1920, 1920]}"}}, {"model": "thumbnail.kvstore", "pk": "sorl-thumbnail||image||4357bc7cebff4e9d8a768121d5c0ed9c", "fields": {"value": "{\"name\": \"posts/1628792741_27-p-kot-v-sapogakh-iz-shreka-foto-27_ZEDFhnI.jpg\", \"storage\": \"django.core.files.storage.FileSystemStorage\", \"size\": [1200, 1200]}"}}, {"model": "thumbnail.kvstore", "pk": "sorl-thumbnail||image||47427c1bcb7e473e7a434d1f87db5ac9", "fields": {"value": "{\"name\": \"cache/d0/a2/d0a208e26650bac33b15f69b873d87e3.jpg\", \"storage\": \"django.core.files.storage.FileSystemStorage\", \"size\": [960, 339]}"}}, {"model": "thumbnail.kvstore", "pk": "sorl-thumbnail||image||4c237fa1e7d8a2edfd6e96fcdd39e790", "fields": {"value": "{\"name\": \"cache/d8/0d/d80d7b7e3b89d7e5f4d4e2c4cd246206.jpg\", \"storage\": \"django.core.files.storage.FileSystemStorage\", \"size\": [960, 339]}"}}, {"model": "thumbnail.kvstore", "pk": "sorl-thumbnail||image||4f600988f6582edb0b11615d1b94fa74", "fields": {"value": "{\"name\": \"cache/85/85/8585e933bfc91f7d602dae6ded09df3e.jpg\", \"storage\": \"django.core.files.storage.FileSystemStorage\", \"size\": [960, 339]}"}}, {"model": "thumbnail.kvstore", "pk": "sorl-thumbnail||image||50b1db08ac313afb1accc7a47f8f6df3", "fields": {"value": "{\"name\": \"cache/c7/59/c7594aaefc3c708c4b0fd0cf0b235544.jpg\", \"storage\": \"django.core.files.storage.FileSystemStorage\", \"size\": [960, 339]}"}}, {"model": "thumbnail.kvstore", "pk": "sorl-thumbnail||image||562ea96e1a0b62b1b89577bad7cbc093", "fields": {"value": "{\"name\": \"posts/i_4.webp\", \"storage\": \"django.core.files.storage.FileSystemStorage\", \"size\": [480, 270]}"}}, {"model": "thumbnail.kvstore", "pk": "sorl-thumbnail||image||580757f1de55575515671b055da9410f", "fields": {"value": "{\"name\": \"posts/InShot_20220815_225545385_OTk21Xi.jpg\", \"storage\": \"django.core.files.storage.FileSystemStorage\", \"size\": [1920, 1920]}"}}, {"model": "thumbnail.kvstore", "pk": "sorl-thumbnail||image||5b73acd73512a8aec195505e8cbf3083", "fields": {"value": "{\"name\": \"cache/7a/41/7a4141b6c5069068b160b04bd11d7055.jpg\", \"storage\": \"django.core.files.storage.FileSystemStorage\", \"size\": [960, 339]}"}}, {"model": "thumbnail.kvstore", "pk": "sorl-thumbnail||image||5b8c985f42ad5f75c6815c8b169a7b28", "fields": {"value": "{\"name\": \"posts/6REjC4fBgJo.jpg\", \"storage\": \"django.core.files.storage.FileSystemStorage\", \"size\": [1280, 1024]}"}}, {"model": "thumbnail.kvstore", "pk": "sorl-thumbnail||image||5d5619f79fb30150811b7d47097bd219", "fields": {"value": "{\"name\": \"posts/i.webp\", \"storage\": \"django.core.files.storage.FileSystemStorage\", \"size\": [480, 270]}"}}, {"model": "thumbnail.kvstore", "pk": "sorl-thumbnail||image||6266004ca6e788b401141736ae26e731", "fields": {"value": "{\"name\": \"cache/17/cb/17cb72ea0ccc5e28ecb29acaa0840267.jpg\", \"storage\": \"django.core.files.storage.FileSystemStorage\", \"size\": [960, 339]}"}}, {"model": "thumbnail.kvstore", "pk": "sorl-thumbnail||image||62997fe20cfaf45c08f245ac712b79f0", "fields": {"value": "{\"name\": \"cache/96/b3/96b313313f57695751ed5753a12ba359.jpg\", \"storage\": \"django.core.files.storage.FileSystemStorage\", \"size\": [960, 339]}"}}, {"model": "thumbnail.kvstore", "pk": "sorl-thumbnail||image||6728afb3ff770f2ecf26cf420f596aa5", "fields": {"value": "{\"name\": \"posts/i_16.webp\", \"storage\": \"django.core.files.storage.FileSystemStorage\", \"size\": [480, 273]}"}}, {"model": "thumbnail.kvstore", "pk": "sorl-thumbnail||image||674acc27ede2b59c4ca06289999caa46", "fields": {"value": "{\"name\": \"posts/humor.jpg\", \"storage\": \"django.core.files.storage.FileSystemStorage\", \"size\": [1123, 651]}"}}, {"model": "thumbnail.kvstore", "pk": "sorl-thumbnail||image||68de85ae623cf3d59691469f1c685cbb", "fields": {"value": "{\"name\": \"posts/i_6.webp\", \"storage\": \"django.core.files.storage.FileSystemStorage\", \"size\": [480, 270]}"}}, {"model": "thumbnail.kvstore", "pk": "sorl-thumbnail||image||6f605d71b4d2790ce5620ddbe0975c12", "fields": {"value": "{\"name\": \"posts/6d493612ca02789fe7e29062684afff0.jpg\", \"storage\": \"django.core.files.storage.FileSystemStorage\", \"size\": [640, 649]}"}}, {"model": "thumbnail.kvstore", "pk": "sorl-thumbnail||image||714f4a146578bfc33eb3e950157e1563", "fields": {"value": "{\"name\": \"posts/i_8.webp\", \"storage\": \"django.core.files.storage.FileSystemStorage\", \"size\": [480, 251]}"}}, {"model": "thumbnail.kvstore", "pk": "sorl-thumbnail||image||743a06764af71e579bca853166cbf828", "fields": {"value": "{\"name\": \"cache/48/b3/48b34c8159da5a09773a477b8188168b.jpg\", \"storage\": \"django.core.files.storage.FileSystemStorage\", \"size\": [960, 339]}"}}, {"model": "thumbnail.kvstore", "pk": "sorl-thumbnail||image||7a0332213b9d200f75638fed2a8f65f6", "fields": {"value": "{\"name\": \"posts/i_17_Bp7grli.webp\", \"storage\": \"django.core.files.storage.FileSystemStorage\", \"size\": [480, 240]}"}}, {"model": "thumbnail.kvstore", "pk": "sorl-thumbnail||image||7b89610088913bcf996eba0badba6a63", "fields": {"value": "{\"name\": \"cache/98/12/9812b66e1ce7d56e78cc2eaf25f50f23.jpg\", \"storage\": \"django.core.files.storage.FileSystemStorage\", \"size\": [960, 339]}"}}, {"model": "thumbnail.kvstore", "pk": "sorl-thumbnail||image||7d09ea1391119174d8e07079ca6e2c94", "fields": {"value": "{\"name\": \"posts/i_17.webp\", \"storage\": \"django.core.files.storage.FileSystemStorage\", \"size\": [480, 240]}"}}, {"model": "thumbnail.kvstore", "pk": "sorl-thumbnail||image||7d29ece79be85f5cbc49710c12f8db7a", "fields": {"value": "{\"name\": \"posts/humor_2.jpg\", \"storage\": \"django.core.files.storage.FileSystemStorage\", \"size\": [1024, 370]}"}}, {"model": "thumbnail.kvstore", "pk": "sorl-thumbnail||image||82207e6217d8a9dfa983aeded0c6690e", "fields": {"value": "{\"name\": \"cache/3e/f5/3ef548c47bf00bfb0bc07da32f6d6b49.jpg\", \"storage\": \"django.core.files.storage.FileSystemStorage\", \"size\": [960, 339]}"}}, {"model": "thumbnail.kvstore", "pk": "sorl-thumbnail||image||88a2bf6f062eb6feadee7286f85c1d2f", "fields": {"value": "{\"name\": \"posts/scale_1200.jpg\", \"storage\": \"django.core.files.storage.FileSystemStorage\", \"size\": [1023, 772]}"}}, {"model": "thumbnail.kvstore", "pk": "sorl-thumbnail||image||8c4d5855c8dc55a6ba77822dbfc68be3", "fields": {"value": "{\"name\": \"posts/scale_1200_1.jpg\", \"storage\": \"django.core.files.storage.FileSystemStorage\", \"size\": [1024, 1024]}"}}, {"model": "thumbnail.kvstore", "pk": "sorl-thumbnail||image||8e5e1ecf7f064413574cefd8a01e5432", "fields": {"value": "{\"name\": \"posts/i_15.webp\", \"storage\": \"django.core.files.storage.FileSystemStorage\", \"size\": [342, 320]}"}}, {"model": "thumbnail.kvstore", "pk": "sorl-thumbnail||image||a0b3d7911c5aab90ceb2c46528c199c5", "fields": {"value": "{\"name\": \"cache/ac/ac/acac73fab3b8dddd82df93efd988d597.jpg\", \"storage\": \"django.core.files.storage.FileSystemStorage\", \"size\": [960, 339]}"}}, {"model": "thumbnail.kvstore", "pk": "sorl-thumbnail||image||a979fc5ec8530f0897c1d98c0533a69e", "fields": {"value": "{\"name\": \"posts/i_13.webp\", \"storage\": \"django.core.files.storage.FileSystemStorage\", \"size\": [480, 190]}"}}, {"model": "thumbnail.kvstore", "pk": "sorl-thumbnail||image||b398d398517acd4a62dd89641986f3f1", "fields": {"value": "{\"name\": \"posts/2vpa9t.jpg\", \"storage\": \"django.core.files.storage.FileSystemStorage\", \"size\": [559, 447]}"}}, {"model": "thumbnail.kvstore", "pk": "sorl-thumbnail||image||b873d202608d237f300633401445fe7b", "fields": {"value": "{\"name\": \"cache/66/e2/66e2edf28ae0861af436a9f96f1b361d.jpg\", \"storage\": \"django.core.files.storage.FileSystemStorage\", \"size\": [960, 339]}"}}, {"model": "thumbnail.kvstore", "pk": "sorl-thumbnail||image||b8b1d3831fa6f8681dc22c0d12522fb0", "fields": {"value": "{\"name\": \"posts/i_5.webp\", \"storage\": \"django.core.files.storage.FileSystemStorage\", \"size\": [480, 270]}"}}, {"model": "thumbnail.kvstore", "pk": "sorl-thumbnail||image||ba468c7685d9ed360a308357672f194b", "fields": {"value": "{\"name\": \"posts/i_12.webp\", \"storage\": \"django.core.files.storage.FileSystemStorage\", \"size\": [480, 251]}"}}, {"model": "thumbnail.kvstore", "pk": "sorl-thumbnail||image||c41434f450654b88453c05d168485659", "fields": {"value": "{\"name\": \"cache/90/62/9062fe98590a963a59e9f115386dc885.jpg\", \"storage\": \"django.core.files.storage.FileSystemStorage\", \"size\": [960, 339]}"}}, {"model": "thumbnail.kvstore", "pk": "sorl-thumbnail||image||c60e0cc9407c58b1e2d9fec4833d62a3", "fields": {"value": "{\"name\": \"cache/cb/ad/cbad492f48a7854b4851187428e505da.jpg\", \"storage\": \"django.core.files.storage.FileSystemStorage\", \"size\": [960, 339]}"}}, {"model": "thumbnail.kvstore", "pk": "sorl-thumbnail||image||cae6d09b787f17814b5f17463438be5a", "fields": {"value": "{\"name\": \"cache/fb/4f/fb4f6357b5efdaf1a35363b1cc2965df.jpg\", \"storage\": \"django.core.files.storage.FileSystemStorage\", \"size\": [960, 339]}"}}, {"model": "thumbnail.kvstore", "pk": "sorl-thumbnail||image||d02a2ceaee08543c078dda291599f42d", "fields": {"value": "{\"name\": \"posts/i_2.webp\", \"storage\": \"django.core.files.storage.FileSystemStorage\", \"size\": [226, 320]}"}}, {"model": "thumbnail.kvstore", "pk": "sorl-thumbnail||image||d503ed9957d16a11449055ba2b41b3ea", "fields": {"value": "{\"name\": \"posts/InShot_20220815_225545385_ELErR4E.jpg\", \"storage\": \"django.core.files.storage.FileSystemStorage\", \"size\": [1920, 1920]}"}}, {"model": "thumbnail.kvstore", "pk": "sorl-thumbnail||image||e4a8462271d1d4a887f55f552bc15e7d", "fields": {"value": "{\"name\": \"cache/e8/d3/e8d367b388e48704b7a261f5daa0dd60.jpg\", \"storage\": \"django.core.files.storage.FileSystemStorage\", \"size\": [960, 339]}"}}, {"model": "thumbnail.kvstore", "pk": "sorl-thumbnail||image||e5e7b031963717495e4145437e6ab70d", "fields": {"value": "{\"name\": \"cache/ee/8e/ee8e709aa1635eb09895bdb50a2ba128.jpg\", \"storage\": \"django.core.files.storage.FileSystemStorage\", \"size\": [960, 339]}"}}, {"model": "thumbnail.kvstore", "pk": "sorl-thumbnail||image||e6126e7f7c41261d1f0d51709462cfc1", "fields": {"value": "{\"name\": \"cache/22/ce/22ce610fd4b4a37ab32632f30ac4b105.jpg\", \"storage\": \"django.core.files.storage.FileSystemStorage\", \"size\": [960, 339]}"}}, {"model": "thumbnail.kvstore", "pk": "sorl-thumbnail||image||ebb52bdb5d8ed951bf98a6a4c3ad9487", "fields": {"value": "{\"name\": \"cache/ca/c8/cac8b8431e2e5ee7199c0f007f4ff2c5.jpg\", \"storage\": \"django.core.files.storage.FileSystemStorage\", \"size\": [960, 339]}"}}, {"model": "thumbnail.kvstore", "pk": "sorl-thumbnail||image||ee52128a58666c41514e31d488a378cb", "fields": {"value": "{\"name\": \"posts/i_10.webp\", \"storage\": \"django.core.files.storage.FileSystemStorage\", \"size\": [480, 201]}"}}, {"model": "thumbnail.kvstore", "pk": "sorl-thumbnail||image||ee5f349c9bcac189b81a9d13f2114c85", "fields": {"value": "{\"name\": \"posts/i_3.webp\", \"storage\": \"django.core.files.storage.FileSystemStorage\", \"size\": [480, 270]}"}}, {"model": "thumbnail.kvstore", "pk": "sorl-thumbnail||image||f0fc0193629d601923f88b68ef568514", "fields": {"value": "{\"name\": \"cache/dd/16/dd16061963620bf844a896c0d16af2cb.jpg\", \"storage\": \"django.core.files.storage.FileSystemStorage\", \"size\": [960, 339]}"}}, {"model": "thumbnail.kvstore", "pk": "sorl-thumbnail||image||f183dcd7165ac2e938dfb0cfc3021c30", "fields": {"value": "{\"name\": \"cache/94/5d/945da3d74e27afdb5793f6cad2883f18.jpg\", \"storage\": \"django.core.files.storage.FileSystemStorage\", \"size\": [960, 339]}"}}, {"model": "thumbnail.kvstore", "pk": "sorl-thumbnail||image||fa7600fdc291f2db403e89e16c53bcd8", "fields": {"value": "{\"name\": \"cache/2d/01/2d01ef4e391bb2a1ae6c24e8b8d4e246.jpg\", \"storage\": \"django.core.files.storage.FileSystemStorage\", \"size\": [960, 339]}"}}, {"model": "thumbnail.kvstore", "pk": "sorl-thumbnail||image||fb0863099b4a5e662224c37da356a73f", "fields": {"value": "{\"name\": \"posts/1628792741_27-p-kot-v-sapogakh-iz-shreka-foto-27.jpg\", \"storage\": \"django.core.files.storage.FileSystemStorage\", \"size\": [1200, 1200]}"}}, {"model": "thumbnail.kvstore", "pk": "sorl-thumbnail||image||fb292117c4abea43b78c8768dd302bf8", "fields": {"value": "{\"name\": \"posts/i_11.webp\", \"storage\": \"django.core.files.storage.FileSystemStorage\", \"size\": [480, 192]}"}}, {"model": "thumbnail.kvstore", "pk": "sorl-thumbnail||image||fcb63cd28cd6c384b4778bb353d72ed1", "fields": {"value": "{\"name\": \"cache/2d/a2/2da2e96ad5d27261d10537aa59b92499.jpg\", \"storage\": \"django.core.files.storage.FileSystemStorage\", \"size\": [960, 339]}"}}, {"model": "thumbnail.kvstore", "pk": "sorl-thumbnail||thumbnails||071c5d132b5d6b2e18de01002a5f2971", "fields": {"value": "[\"ebb52bdb5d8ed951bf98a6a4c3ad9487\"]"}}, {"model": "thumbnail.kvstore", "pk": "sorl-thumbnail||thumbnails||100f75ed46f83031d44db33f3172fbc0", "fields": {"value": "[\"47427c1bcb7e473e7a434d1f87db5ac9\"]"}}, {"model": "thumbnail.kvstore", "pk": "sorl-thumbnail||thumbnails||114f9a00277263d0479132772f8adfef", "fields": {"value": "[\"2f3617ea4088a459fbd3141553edc031\"]"}}, {"model": "thumbnail.kvstore", "pk": "sorl-thumbnail||thumbnails||132149785997f29d976b671992f67db5", "fields": {"value": "[\"3684edc6201a1ec9e58e393f4ef09962\"]"}}, {"model": "thumbnail.kvstore", "pk": "sorl-thumbnail||thumbnails||1513320b17b84f9aab86a143496223f1", "fields": {"value": "[\"f183dcd7165ac2e938dfb0cfc3021c30\"]"}}, {"model": "thumbnail.kvstore", "pk": "sorl-thumbnail||thumbnails||3b329f67799ce21e1468f495e8e22a32", "fields": {"value": "[\"743a06764af71e579bca853166cbf828\"]"}}, {"model": "thumbnail.kvstore", "pk": "sorl-thumbnail||thumbnails||4357bc7cebff4e9d8a768121d5c0ed9c", "fields": {"value": "[\"f0fc0193629d601923f88b68ef568514\"]"}}, {"model": "thumbnail.kvstore", "pk": "sorl-thumbnail||thumbnails||562ea96e1a0b62b1b89577bad7cbc093", "fields": {"value": "[\"e4a8462271d1d4a887f55f552bc15e7d\"]"}}, {"model": "thumbnail.kvstore", "pk": "sorl-thumbnail||thumbnails||580757f1de55575515671b055da9410f", "fields": {"value": "[\"cae6d09b787f17814b5f17463438be5a\"]"}}, {"model": "thumbnail.kvstore", "pk": "sorl-thumbnail||thumbnails||5b8c985f42ad5f75c6815c8b169a7b28", "fields": {"value": "[\"5b73acd73512a8aec195505e8cbf3083\"]"}}, {"model": "thumbnail.kvstore", "pk": "sorl-thumbnail||thumbnails||5d5619f79fb30150811b7d47097bd219", "fields": {"value": "[\"297999e4cb7a4a79ba4793c07bf5a85a\"]"}}, {"model": "thumbnail.kvstore", "pk": "sorl-thumbnail||thumbnails||6728afb3ff770f2ecf26cf420f596aa5", "fields": {"value": "[\"c60e0cc9407c58b1e2d9fec4833d62a3\"]"}}, {"model": "thumbnail.kvstore", "pk": "sorl-thumbnail||thumbnails||674acc27ede2b59c4ca06289999caa46", "fields": {"value": "[\"e6126e7f7c41261d1f0d51709462cfc1\"]"}}, {"model": "thumbnail.kvstore", "pk": "sorl-thumbnail||thumbnails||68de85ae623cf3d59691469f1c685cbb", "fields": {"value": "[\"20539e2c03fc0f7dbef315102f5edd29\"]"}}, {"model": "thumbnail.kvstore", "pk": "sorl-thumbnail||thumbnails||6f605d71b4d2790ce5620ddbe0975c12", "fields": {"value": "[\"b873d202608d237f300633401445fe7b\"]"}}, {"model": "thumbnail.kvstore", "pk": "sorl-thumbnail||thumbnails||714f4a146578bfc33eb3e950157e1563", "fields": {"value": "[\"fa7600fdc291f2db403e89e16c53bcd8\"]"}}, {"model": "thumbnail.kvstore", "pk": "sorl-thumbnail||thumbnails||7a0332213b9d200f75638fed2a8f65f6", "fields": {"value": "[\"50b1db08ac313afb1accc7a47f8f6df3\"]"}}, {"model": "thumbnail.kvstore", "pk": "sorl-thumbnail||thumbnails||7d09ea1391119174d8e07079ca6e2c94", "fields": {"value": "[\"e5e7b031963717495e4145437e6ab70d\"]"}}, {"model": "thumbnail.kvstore", "pk": "sorl-thumbnail||thumbnails||7d29ece79be85f5cbc49710c12f8db7a", "fields": {"value": "[\"1a5dae5a1264da8f01b79383020f41d0\"]"}}, {"model": "thumbnail.kvstore", "pk": "sorl-thumbnail||thumbnails||88a2bf6f062eb6feadee7286f85c1d2f", "fields": {"value": "[\"82207e6217d8a9dfa983aeded0c6690e\"]"}}, {"model": "thumbnail.kvstore", "pk": "sorl-thumbnail||thumbnails||8c4d5855c8dc55a6ba77822dbfc68be3", "fields": {"value": "[\"a0b3d7911c5aab90ceb2c46528c199c5\"]"}}, {"model": "thumbnail.kvstore", "pk": "sorl-thumbnail||thumbnails||8e5e1ecf7f064413574cefd8a01e5432", "fields": {"value": "[\"100b3eaf2fcc9d67deba0793e998dc5e\"]"}}, {"model": "thumbnail.kvstore", "pk": "sorl-thumbnail||thumbnails||a979fc5ec8530f0897c1d98c0533a69e", "fields": {"value": "[\"c41434f450654b88453c05d168485659\"]"}}, {"model": "thumbnail.kvstore", "pk": "sorl-thumbnail||thumbnails||b398d398517acd4a62dd89641986f3f1", "fields": {"value": "[\"6266004ca6e788b401141736ae26e731\"]"}}, {"model": "thumbnail.kvstore", "pk": "sorl-thumbnail||thumbnails||b8b1d3831fa6f8681dc22c0d12522fb0", "fields": {"value": "[\"fcb63cd28cd6c384b4778bb353d72ed1\"]"}}, {"model": "thumbnail.kvstore", "pk": "sorl-thumbnail||thumbnails||ba468c7685d9ed360a308357672f194b", "fields": {"value": "[\"1b31102ad51e418668624f53f3c58bad\"]"}}, {"model": "thumbnail.kvstore", "pk": "sorl-thumbnail||thumbnails||d02a2ceaee08543c078dda291599f42d", "fields": {"value": "[\"62997fe20cfaf45c08f245ac712b79f0\"]"}}, {"model": "thumbnail.kvstore", "pk": "sorl-thumbnail||thumbnails||d503ed9957d16a11449055ba2b41b3ea", "fields": {"value": "[\"7b89610088913bcf996eba0badba6a63\"]"}}, {"model": "thumbnail.kvstore", "pk": "sorl-thumbnail||thumbnails||ee52128a58666c41514e31d488a378cb", "fields": {"value": "[\"4c237fa1e7d8a2edfd6e96fcdd39e790\"]"}}, {"model": "thumbnail.kvstore", "pk": "sorl-thumbnail||thumbnails||ee5f349c9bcac189b81a9d13f2114c85", "fields": {"value": "[\"08aa103cdd9c7eba2b3312b3fd5606d3\"]"}}, {"model": "thumbnail.kvstore", "pk": "sorl-thumbnail||thumbnails||fb0863099b4a5e662224c37da356a73f", "fields": {"value": "[\"4f600988f6582edb0b11615d1b94fa74\"]"}}, {"model": "thumbnail.kvstore", "pk": "sorl-thumbnail||thumbnails||fb292117c4abea43b78c8768dd302bf8", "fields": {"value": "[\"018ba870bfa247b90e2f3bf043e799d3\"]"}}]
